Sun Feb 01 2026 - 1:40:02 PM,Demand Value:false
 CMW Set To OFF
Tue Feb 17 2026 - 1:00:02 PM,Demand Value:false
 CMW Set To OFF
Tue Feb 17 2026 - 1:00:02 PM,Demand Value:false
 CMW Set To OFF
Tue Feb 17 2026 - 1:00:03 PM,Demand Value:false
 CMW Set To OFF
Tue Feb 17 2026 - 1:00:03 PM,Demand Value:false
 CMW Set To OFF
Tue Feb 17 2026 - 1:00:04 PM,Demand Value:false
 CMW Set To OFF
Tue Feb 17 2026 - 1:00:04 PM,Demand Value:false
 CMW Set To OFF
Tue Feb 17 2026 - 1:00:05 PM,Demand Value:false
 CMW Set To OFF
